1,^TrinketsFirst^
2,^Trinkets1^
3,^Trinkets2^
4,^Trinkets3^
5,^Trinkets4^
6,^Trinkets5^
7,^Trinkets6^
8,^Trinkets7^
9,^Trinkets8^
10,^Trinkets9^
11,^Trinkets10^
12,^Trinkets11^
13,^Trinkets12^
14,^Trinkets13^
15,^Trinkets14^
16,^Trinkets15^
17,^Trinkets16^
18,^Trinkets17^
19,^Trinkets18^
20,^Trinkets19^
21,^Trinkets20^
22,^Trinkets21^
23,^Trinkets22^
24,^Trinkets23^
25,^Trinkets24^
26,^Trinkets25^
27,^Trinkets26^
28,^Trinkets27^
29,^Trinkets28^
30,^Trinkets29^
31,^Trinkets30^
32,^Trinkets31^
33,^Trinkets32^
34,^Trinkets33^
35,^Trinkets34^
36,^Trinkets35^
37,^Trinkets36^
38,^Trinkets37^
39,^Trinkets38^
40,^Trinkets39^
41,^Trinkets40^
42,^Trinkets41^
43,^Trinkets42^
44,^Trinkets43^
45,^Trinkets44^
46,^Trinkets45^
47,^Trinkets46^
48,^Trinkets47^
49,^Trinkets48^
50,^Trinkets49^
51,^Trinkets50^
52,^Trinkets51^
53,^Trinkets52^
54,^Trinkets53^
55,^Trinkets54^
56,^Trinkets55^
57,^Trinkets56^
58,^Trinkets57^
59,^Trinkets58^
60,^Trinkets59^
61,^Trinkets60^
62,^Trinkets61^
63,^Trinkets62^
64,^Trinkets63^
65,^Trinkets64^