1,Adventure
2,Accidents
3,Alcohol
4,Ambition
5,Anarchy
6,Birth
7,Captivation
8,Change
9,Chaos
10,Charm
11,Conspiracies
12,Controversy
13,Cowards
14,Curiosity
15,Decadence
16,Deception
17,Desire
18,Destruction
19,Discord
20,Disorder
21,Drama
22,Dreams
23,Feasting
24,Ferocity
25,Fey
26,Freedom
27,Fury
28,Gambling
29,Guilt
30,Hedonism
31,Humor
32,Illusion
33,Imagination
34,Independence
35,Insanity
36,Inspiration
37,Insurrection
38,Intoxication
39,Invention
40,Laughter
41,Lies
42,Luck
43,Lust
44,Madness
45,Mischief
46,Monsters
47,Moon
48,Nightmares
49,Pandemonium
50,Passion
51,Pride
52,Profanity
53,Rebellion
54,Rebirth
55,Reincarnation
56,Revelation
57,Revelry
58,Riots
59,Rumors
60,Sexuality
61,Shapeshifters
62,Space
63,Spring
64,Storm
65,Swarms
66,Tempest
67,Temptation
68,The Far Realms
69,The Great Beyond
70,The Unknown
71,The Wilds
72,Thievery
73,Transformation
74,Trickery
75,Turmoil
76,Untamed
77,Vengeance
78,Vice
79,Whimsy
80,Wit