1,Ancestors
2,Animal Husbandry
3,Animals / Beasts
4,Art
5,Ash And Dust
6,Autumn
7,Balance
8,Beauty
9,Beginnings
10,Children
11,Crossroads
12,Crusade
13,Death
14,Depths
15,Deserts
16,Destiny
17,Disease
18,Dragons
19,Endings
20,Enlightenment
21,Entropy
22,Eternity
23,Exploration
24,Extinction
25,Fate
26,Fields
27,Fire
28,Flowers
29,Forests
30,Forgotten
31,Future
32,Gardens
33,Hunt
34,Ice
35,Inevitability
36,Infinity
37,Insects
38,Insight
39,Intelligence
40,Journeys
41,Lava
42,Limbo
43,Magic
44,Memory
45,Music
46,Mysteries
47,Natural Disasters
48,Nature
49,Neutrality
50,Oceans
51,Oration
52,Past
53,Plants
54,Pleasure
55,Portals
56,Portents
57,Power
58,Quests
59,Regret
60,Renewal
61,Resolve
62,Resurrection
63,Sacrifice
64,Sea
65,Sky
66,Solitude
67,Sorcery
68,Spirits
69,Stars
70,Stories
71,Strength
72,Survival
73,The Dead
74,The Grave
75,Thought
76,Time
77,Toil
78,Travel
79,Void
80,Weather